{
  "keyboard_name": "La Usurpadora",
  "url": "",
  "maintainer": "Duardo",
  "matrix": {
    "rows": 6,
    "cols": 14
  },
  "layouts": {
    "LAYOUT": {
      "layout": [
        {
          "x": 3.43,
          "y": 0
        },
        [
          {
            "x": 3.43
          },
          "0,3",
          {
            "x": 10.44
          },
          "0,10"
        ],
        [
          {
            "y": -0.8500000000000001,
            "x": 2.3
          },
          "0,2",
          {
            "x": 1.2599999999999998
          },
          "0,4",
          {
            "x": 7.04
          },
          "0,8",
          {
            "x": 0.13000000000000256
          },
          "0,9",
          {
            "x": 1.2699999999999996
          },
          "0,11"
        ],
        [
          {
            "y": -0.9999999999999999,
            "x": 5.69
          },
          "0,5"
        ],
        [
          {
            "y": -0.07000000000000006,
            "x": 3.43
          },
          "1,3"
        ],
        [
          {
            "y": -1,
            "x": 14.86
          },
          "1,10"
        ],
        [
          {
            "y": -0.8500000000000001,
            "x": 2.3
          },
          "1,2",
          {
            "x": 1.2599999999999998
          },
          "1,4",
          {
            "x": 0.13000000000000078
          },
          "1,5",
          {
            "x": 5.909999999999999
          },
          "1,8",
          {
            "x": 0.13000000000000078
          },
          "1,9",
          {
            "x": 1.2699999999999996
          },
          "1,11"
        ],
        [
          {
            "y": -0.06999999999999984,
            "x": 3.43
          },
          "2,3",
          {
            "x": 10.43
          },
          "2,10"
        ],
        [
          {
            "y": -0.8500000000000001,
            "x": 2.3
          },
          "2,2",
          {
            "x": 1.2599999999999998
          },
          "2,4",
          {
            "x": 0.13000000000000078
          },
          "2,5",
          {
            "x": 5.909999999999999
          },
          "2,8",
          {
            "x": 0.13000000000000078
          },
          "2,9",
          {
            "x": 1.2699999999999996
          },
          "2,11"
        ],
        [
          {
            "y": -0.06999999999999984,
            "x": 3.43
          },
          "3,3",
          {
            "x": 10.43
          },
          "3,10"
        ],
        [
          {
            "y": -0.8500000000000001,
            "x": 5.7
          },
          "3,5"
        ],
        [
          {
            "y": -1,
            "x": 2.3
          },
          "3,2",
          {
            "x": 1.2599999999999998
          },
          "3,4",
          {
            "x": 7.04
          },
          "3,8",
          {
            "x": 0.13000000000000256
          },
          "3,9",
          {
            "x": 1.2599999999999998
          },
          "3,11"
        ],
        [
          {
            "y": -0.07000000000000028,
            "x": 3.43
          },
          "4,3",
          {
            "x": 10.43
          },
          "4,10"
        ],
        [
          {
            "y": -0.8499999999999996,
            "x": 2.3
          },
          "4,2",
          {
            "x": 12.690000000000001
          },
          "4,11"
        ],
        [
          {
            "r": 1,
            "rx": 17.62,
            "ry": 4.58,
            "y": -0.5,
            "x": -0.5
          },
          "4,12"
        ],
        [
          {
            "rx": 17.65,
            "ry": 3.5,
            "y": -0.5,
            "x": -0.5
          },
          "3,12"
        ],
        [
          {
            "rx": 17.68,
            "ry": 2.42,
            "y": -0.5,
            "x": -0.5
          },
          "2,12"
        ],
        [
          {
            "rx": 17.71,
            "ry": 1.34,
            "y": -0.5,
            "x": -0.5
          },
          "1,12"
        ],
        [
          {
            "rx": 18.77,
            "ry": 4.24,
            "y": -0.5,
            "x": -0.5
          },
          "4,13"
        ],
        [
          {
            "rx": 18.8,
            "ry": 3.16,
            "y": -0.5,
            "x": -0.5
          },
          "3,13"
        ],
        [
          {
            "r": 4,
            "rx": 5.67,
            "ry": 5.33,
            "y": -0.5,
            "x": -0.5
          },
          "4,4"
        ],
        [
          {
            "r": 21,
            "rx": 6.47,
            "ry": 6.63,
            "y": -0.5,
            "x": -0.5
          },
          "5,5"
        ],
        [
          {
            "rx": 6.94,
            "ry": 5.59,
            "y": -0.5,
            "x": -0.5
          },
          "4,5"
        ],
        [
          {
            "r": 32,
            "rx": 7.93,
            "ry": 6.06,
            "y": -0.5,
            "x": -0.5
          },
          "4,6"
        ],
        [
          {
            "r": 33,
            "rx": 7.45,
            "ry": 7.12,
            "y": -0.5,
            "x": -0.5
          },
          "5,6"
        ],
        [
          {
            "r": -33,
            "rx": 11.85,
            "y": -0.5,
            "x": -0.5
          },
          "5,7"
        ],
        [
          {
            "r": -32,
            "rx": 11.36,
            "ry": 6.06,
            "y": -0.5,
            "x": -0.5
          },
          "4,7"
        ],
        [
          {
            "r": -21,
            "rx": 12.36,
            "ry": 5.59,
            "y": -0.5,
            "x": -0.5
          },
          "4,8"
        ],
        [
          {
            "rx": 12.83,
            "ry": 6.63,
            "y": -0.5,
            "x": -0.5
          },
          "5,8"
        ],
        [
          {
            "r": -4,
            "rx": 13.63,
            "ry": 5.33,
            "y": -0.5,
            "x": -0.5
          },
          "4,9"
        ],
        [
          {
            "r": -1,
            "rx": 0.5,
            "ry": 3.16,
            "y": -0.5,
            "x": -0.5
          },
          "3,0"
        ],
        [
          {
            "rx": 0.53,
            "ry": 4.24,
            "y": -0.5,
            "x": -0.5
          },
          "4,0"
        ],
        [
          {
            "rx": 1.58,
            "ry": 1.34,
            "y": -0.5,
            "x": -0.5
          },
          "1,1"
        ],
        [
          {
            "rx": 1.61,
            "ry": 2.42,
            "y": -0.5,
            "x": -0.5
          },
          "2,1"
        ],
        [
          {
            "rx": 1.64,
            "ry": 3.5,
            "y": -0.5,
            "x": -0.5
          },
          "3,1"
        ],
        [
          {
            "rx": 1.67,
            "ry": 4.58,
            "y": -0.5,
            "x": -0.5
          },
          "4,1"
        ]
      ]
    }
  }
}
